student_id,school_name,grade_level_2019,program_name
13898,School G,1,SPED
27795,School G,1,SPED
22938,School E,1,.
22431,School F,1,.
18048,School E,1,.
20392,School G,1,SPED
14407,School E,1,SPED
25452,School F,1,.
19819,School G,1,.
24621,School E,1,.
10241,School F,1,.
26151,School G,1,.
25649,School E,1,.
20881,School G,1,.
22326,School F,1,.
26626,School F,1,SPED
28196,School G,1,.
15104,School E,1,.
23974,School G,1,.
18086,School F,1,.
22734,School E,1,.
29075,School G,1,.
26962,School E,1,.
18109,School E,1,.
29387,School G,1,.
12367,School F,1,.
11465,School F,1,.
28217,School E,1,.
20470,School G,1,.
20048,School E,1,.
27878,School F,1,.
19127,School F,1,.
22331,School E,1,.
25826,School E,1,.
22917,School G,1,SPED
25379,School G,1,.
11466,School G,1,.
11519,School F,1,LEP
26048,School G,1,.
14712,School G,1,.
19016,School E,1,.
22820,School E,1,.
22276,School F,1,.
17371,School E,1,.
23439,School G,1,.
27828,School F,1,.
17490,School F,1,.
15616,School F,1,.
20234,School G,1,SPED
10537,School F,1,.
19183,School F,1,.
20295,School G,1,Tier 2
22775,School E,1,.
17907,School F,1,.
16231,School F,1,.
22598,School F,1,.
16654,School F,1,.
21418,School G,1,SPED
23881,School G,1,.
19283,School E,1,.
21090,School G,1,.
10451,School E,1,.
16075,School E,1,.
24998,School E,1,.
29109,School E,1,.
29131,School E,1,.
13887,School E,1,.
26182,School E,1,.
21805,School E,1,.
17569,School E,1,.
25813,School E,1,.
22255,School E,1,.
14719,School E,1,.
25157,School E,1,.
15352,School E,1,.
12611,School E,1,.
11176,School E,1,.
27184,School E,1,.
22262,School E,1,.
20244,School E,1,.
20538,School E,1,.
20765,School E,1,.
24547,School E,1,.
27378,School G,1,.
24398,School G,1,SPED
20877,School G,1,.
11112,School G,1,.
18553,School G,1,.
14503,School G,1,.
24393,School G,1,.
10478,School G,1,.
23410,School G,1,.
20834,School G,1,.
28059,School G,1,.
28711,School G,1,.
18632,School G,1,.
19555,School G,1,.
18507,School G,1,.
19823,School G,1,.
16888,School G,1,.
28657,School G,1,.
19411,School G,1,.
28455,School G,1,.
10543,School G,1,.
20740,School G,1,.
12453,School G,1,.
27916,School G,1,.
15021,School G,1,.
10791,School G,1,.
18483,School G,1,.
22559,School G,1,.
17730,School G,1,.
26468,School E,1,.
25212,School E,1,.
27715,School E,1,.
10574,School E,1,.
14892,School E,1,.
14598,School E,1,.
20680,School E,1,.
13484,School G,1,Tier 2
19375,School E,1,.
14487,School E,1,.
25645,School G,1,.
26449,School G,1,.
16350,School G,1,.
18783,School G,1,Tier 2
19573,School G,1,Tier 2
14523,School G,1,.
29073,School E,1,.
10550,School G,1,.
28485,School E,1,.
17706,School E,1,SPED
22335,School F,1,.
25653,School E,1,.
19414,School G,1,.
10871,School E,1,.
10128,School E,1,.
19396,School E,1,.
21938,School E,1,.
26409,School E,1,Tier 2
27548,School E,1,.
23610,School E,1,.
16050,School E,1,.
15395,School E,1,.
18691,School E,1,.
12528,School F,1,.
26710,School E,1,.
26013,School G,1,.
16803,School F,1,.
26333,School E,1,.
27476,School E,1,.
13051,School E,1,.
14842,School F,1,.
18256,School E,1,.
13200,School E,1,.
10586,School E,1,.
15697,School E,1,.
21255,School E,1,.
23579,School E,1,.
27945,School E,1,.
24912,School F,1,.
11286,School F,1,.
18174,School F,1,.
12877,School F,1,.
19448,School F,1,.
14293,School F,1,.
19599,School F,1,.
23892,School G,1,.
21223,School F,1,.
16592,School F,1,.
23651,School F,1,.
21874,School G,1,Tier 2
12892,School F,1,.
28467,School F,1,.
20849,School F,1,.
20347,School G,1,.
18088,School F,1,.
17521,School F,1,.
20383,School F,1,.
28939,School F,1,.
27970,School F,1,.
19052,School F,1,.
19463,School F,1,.
17787,School F,1,.
28086,School F,1,.
16895,School F,1,.
10475,School F,1,.
21752,School F,1,.
27979,School F,1,.
10642,School F,1,.
10931,School F,1,.
16237,School F,1,.
17262,School F,1,SPED
10035,School F,1,SPED
13530,School F,1,.
21569,School F,1,.
11387,School F,1,.
20850,School F,1,.
18249,School F,1,.
16171,School F,1,.
26927,School F,1,Tier 2
19893,School F,1,.
28945,School F,1,.
10335,School F,1,.
12562,School F,1,.
10555,School F,1,.
26199,School F,1,.
17332,School F,1,SPED
19566,School F,1,.
12008,School E,1,.
16079,School E,1,.
25783,School G,1,.
25993,School G,1,.
13161,School G,1,.
28825,School G,1,Tier 2
11784,School E,1,.
19604,School G,1,.
29614,School G,1,.
16569,School F,1,.
10434,School E,1,.
28058,School E,1,.
13638,School E,1,.
17286,School E,1,.
17573,School E,1,.
22704,School G,1,Tier 2
24086,School G,1,.
21265,School G,1,.
13826,School G,1,.
25946,School G,1,.
29065,School G,1,.
17405,School E,1,Tier 2
28865,School G,1,Tier 2
26750,School G,1,.
13874,School G,1,Tier 2
17960,School G,1,.
24766,School E,1,.
13193,School E,1,.
15315,School E,1,.
24926,School E,1,.
23027,School E,1,.
16015,School E,1,.
24821,School G,1,.
23592,School G,1,.
18398,School G,1,.
18791,School F,1,.
16610,School G,1,.
22618,School F,1,.
19370,School F,1,.
22471,School G,1,.
17799,School G,1,.
26041,School F,1,.
18112,School G,1,.
17994,School G,1,.
18855,School G,1,.
23769,School F,1,.
19058,School F,1,.
23971,School F,1,.
28203,School F,1,.
16374,School F,1,.
18800,School F,1,.
12440,School F,1,.
23584,School F,1,.
26323,School G,1,.
25530,School F,1,.
18499,School F,1,.
13327,School F,1,.
17517,School F,1,.
12646,School G,1,.
24726,School F,1,.
25600,School G,1,.
29046,School F,1,.
15364,School F,1,.
23254,School G,1,.
16180,School G,1,Tier 2
10360,School F,1,.
29152,School E,1,.
22343,School E,1,.
23161,School E,1,.
22305,School F,1,Tier 2
16824,School E,1,.
29327,School E,1,.
25234,School F,1,.
20900,School G,1,.
13656,School F,1,.
10823,School E,1,.
19028,School E,1,.
23424,School E,1,.
25672,School E,1,.
16300,School F,1,.
19900,School F,1,.
19624,School F,1,.
12094,School F,1,.
15750,School F,1,.
25509,School F,1,.
15289,School F,1,.
26368,School F,1,SPED
11333,School F,1,.
27808,School F,1,SPED
17410,School F,1,.
29367,School F,1,.
24312,School F,1,.
13955,School G,1,.
15844,School G,1,.
20981,School G,1,.
21885,School G,1,.
21460,School G,1,.
27391,School G,1,.
26860,School G,1,.
25242,School G,1,.
16270,School G,1,SPED
24135,School G,1,.
22155,School G,1,.
19089,School G,1,.
17268,School G,1,Gifted
13041,School G,1,.
28777,School G,1,.
15270,School G,1,.
16807,School G,1,.
10824,School F,1,.
12101,School F,2,SPED
25983,School F,2,Tier 2
12727,School E,2,.
21616,School F,2,SPED
17353,School F,2,SPED
12522,School E,2,Tier 2
28751,School F,2,SPED
16543,School E,2,.
21360,School F,2,.
19936,School F,2,.
20731,School F,2,SPED
12003,School F,2,.
15613,School E,2,.
18388,School G,2,.
16039,School E,2,.
17678,School E,2,.
24557,School G,2,.
13325,School G,2,Tier 2
22873,School G,2,Tier 2
29370,School G,2,SPED
10988,School G,2,.
24945,School G,2,.
21627,School G,2,.
12415,School G,2,.
25507,School F,2,.
16257,School E,2,.
10458,School F,2,Tier 2
29206,School F,2,.
14466,School F,2,SPED
12815,School F,2,.
27275,School F,2,.
25359,School F,2,.
12610,School F,2,.
19212,School E,2,.
16089,School F,2,Tier 2
12282,School G,2,.
26519,School F,2,.
11946,School E,2,.
24079,School F,2,.
17672,School G,2,.
27240,School G,2,.
28426,School F,2,.
19809,School E,2,SPED
26110,School E,2,.
28770,School E,2,.
13437,School E,2,.
28655,School G,2,Tier 2
14072,School G,2,Tier 2
10009,School E,2,.
14179,School F,2,SPED
15214,School G,2,SPED
19259,School E,2,.
13549,School F,2,.
13240,School E,2,.
25730,School E,2,.
26337,School E,2,.
19730,School G,2,Tier 2
19664,School G,2,.
25209,School E,2,.
16566,School F,2,.
18904,School F,2,.
17729,School F,2,.
29220,School F,2,.
21213,School F,2,.
17647,School F,2,.
17133,School F,2,.
26258,School F,2,.
14900,School F,2,.
16256,School F,2,SPED
27761,School F,2,SPED
15250,School F,2,.
20319,School F,2,.
29049,School F,2,.
24389,School F,2,.
17212,School F,2,SPED
28386,School F,2,.
25319,School F,2,.
17970,School F,2,.
27524,School F,2,SPED
19277,School F,2,.
16986,School F,2,.
11927,School F,2,.
12200,School F,2,.
23405,School F,2,SPED
29629,School F,2,.
22435,School F,2,.
13465,School F,2,.
20518,School F,2,.
21988,School F,2,.
17662,School F,2,.
13989,School F,2,.
12622,School G,2,Tier 2
24139,School F,2,.
10150,School F,2,.
14447,School F,2,.
26645,School F,2,.
21976,School F,2,.
25143,School F,2,Tier 2
29776,School E,2,.
25299,School F,2,.
25286,School F,2,.
13266,School F,2,.
11378,School F,2,.
27087,School F,2,.
26740,School F,2,.
19003,School F,2,.
15621,School E,2,.
21946,School E,2,.
12868,School E,2,.
18958,School E,2,.
12248,School E,2,.
23674,School E,2,.
27137,School E,2,.
26727,School E,2,.
22508,School E,2,.
27327,School E,2,.
19017,School E,2,.
28697,School E,2,.
18822,School E,2,.
22847,School E,2,.
11103,School E,2,.
27620,School F,2,.
27776,School E,2,.
22033,School E,2,.
21160,School E,2,.
26668,School E,2,.
16475,School E,2,.
21903,School E,2,.
21184,School E,2,.
10235,School E,2,.
27020,School E,2,.
14101,School E,2,.
16871,School E,2,.
27716,School E,2,.
14224,School E,2,.
27022,School E,2,Tier 2
11298,School E,2,.
29035,School E,2,.
19094,School E,2,SPED
18063,School E,2,.
13560,School E,2,.
14617,School E,2,.
20388,School E,2,.
17650,School G,2,.
21299,School G,2,.
25398,School G,2,.
26578,School G,2,.
17679,School G,2,.
16364,School G,2,.
27494,School G,2,NULL
17328,School G,2,.
24648,School G,2,.
16264,School E,2,.
23993,School G,2,.
16217,School G,2,.
22799,School G,2,.
21233,School G,2,.
22571,School G,2,.
12106,School G,2,SPED
17002,School G,2,SPED
10158,School E,2,.
20790,School E,2,.
17232,School E,2,.
21853,School G,2,Tier 2
12356,School E,2,.
18234,School E,2,.
14217,School E,2,.
21330,School E,2,.
13750,School E,2,.
19036,School E,2,.
16901,School E,2,.
23054,School E,2,Tier 2
24307,School E,2,.
10312,School E,2,.
16328,School E,2,.
10559,School E,2,.
24407,School E,2,.
18087,School E,2,.
12977,School E,2,.
18508,School E,2,.
23597,School E,2,.
25183,School E,2,.
23919,School E,2,SPED
28755,School E,2,.
13643,School E,2,.
22025,School G,2,.
13722,School E,2,.
28015,School F,2,.
11207,School G,2,.
12244,School G,2,Tier 2
21450,School G,2,.
26493,School G,2,.
12832,School G,2,.
16467,School G,2,SPED
24995,School G,2,.
16840,School G,2,.
19008,School G,2,.
25247,School G,2,.
29895,School G,2,.
18953,School G,2,.
18403,School G,2,.
27628,School G,2,.
28468,School G,2,.
18289,School G,2,.
22392,School G,2,.
14690,School G,2,.
19586,School G,2,.
10284,School G,2,.
15260,School G,2,.
17725,School G,2,Tier 2
12208,School G,2,.
22517,School G,2,.
27689,School G,2,Tier 2
10199,School G,2,.
27650,School G,2,Tier 2
26278,School G,2,.
16412,School G,2,.
24305,School G,2,.
11987,School F,2,.
22592,School G,2,.
25018,School E,2,.
29176,School E,2,.
19223,School E,2,.
21224,School E,2,.
18364,School F,2,.
16363,School E,2,.
24171,School F,2,.
16981,School E,2,NULL
13924,School E,2,.
16729,School E,2,.
12722,School F,2,.
21467,School F,2,.
26125,School F,2,.
24891,School F,2,Tier 2
23101,School F,2,.
22210,School F,2,.
10301,School G,2,.
23791,School G,2,.
12717,School G,2,.
22153,School G,2,.
12245,School G,2,.
15473,School G,2,SPED
20233,School F,2,.
13811,School F,2,.
10011,School G,2,.
20482,School G,2,Tier 2
23831,School F,2,.
13709,School E,2,Tier 2
26169,School E,2,.
23013,School G,2,Gifted
18189,School F,2,.
26780,School F,2,.
28878,School F,2,.
24620,School G,2,.
13309,School G,2,.
24975,School F,2,.
12349,School E,2,.
12043,School G,2,.
11037,School F,2,.
19451,School F,2,.
15826,School G,2,.
27115,School E,2,.
19571,School F,2,.
12350,School G,2,.
13055,School F,2,.
19188,School F,2,.
19042,School G,2,.
26552,School G,2,.
14070,School F,2,.
16877,School E,2,LEP
14378,School F,2,.
29340,School G,2,.
16156,School G,2,.
15027,School E,2,.
24068,School F,2,.
20553,School G,2,.
15591,School F,2,.
11538,School E,2,.
22466,School G,2,.
23927,School G,2,.
27602,School F,2,SPED
11913,School F,2,.
26420,School E,2,.
22564,School E,2,.
27488,School E,2,.
12526,School E,2,.
24028,School E,2,.
20098,School E,2,.
29036,School E,2,.
19990,School E,2,SPED
29773,School E,2,.
25785,School F,2,.
24470,School F,2,.
21402,School F,2,.
28538,School F,2,.
14084,School F,2,.
10148,School F,2,.
17770,School F,2,.
14749,School F,2,.
26158,School F,2,.
26856,School G,2,.
12468,School G,2,.
16796,School G,2,.
16352,School G,2,.
29103,School G,2,.
15608,School G,2,NULL
19876,School G,2,.
24338,School G,2,.
25540,School G,2,.
24259,School G,2,.
28049,School G,2,.
13696,School G,2,.
20175,School G,2,.
22456,School G,2,.
26309,School G,2,.
16413,School G,2,.
25488,School E,2,.
13013,School G,2,SPED
22414,School G,2,Tier 2
14561,School E,2,.
24768,School E,3,SPED
29585,School E,3,.
12376,School E,3,.
13122,School F,3,SPED
26997,School E,3,.
16229,School F,3,.
22438,School F,3,.
19939,School F,3,LEP
25961,School E,3,.
11768,School E,3,.
13305,School E,3,.
23700,School E,3,.
12236,School F,3,.
27368,School E,3,.
10209,School F,3,Tier 2
16134,School E,3,.
29639,School F,3,.
28081,School F,3,.
20577,School F,3,.
12535,School E,3,.
29268,School F,3,.
28983,School E,3,.
12472,School F,3,.
11167,School E,3,.
27507,School F,3,.
11169,School F,3,.
11457,School F,3,SPED
17738,School E,3,.
15450,School F,3,.
18469,School E,3,.
10700,School E,3,.
15373,School E,3,SPED
25150,School E,3,SPED
22666,School F,3,.
29019,School F,3,504
15657,School E,3,.
25042,School E,3,.
10763,School E,3,.
26098,School E,3,.
13664,School E,3,Tier 2
25251,School E,3,.
22469,School E,3,.
24974,School E,3,.
21480,School E,3,.
16750,School E,3,.
27609,School E,3,SPED
17831,School E,3,.
22746,School E,3,.
26568,School E,3,.
22901,School E,3,.
26586,School E,3,.
19614,School E,3,.
25356,School E,3,.
23330,School E,3,.
17676,School E,3,.
24226,School E,3,.
19323,School E,3,.
15193,School E,3,.
29945,School E,3,.
18067,School E,3,.
27319,School E,3,.
11975,School E,3,.
27701,School E,3,.
21032,School E,3,.
21940,School E,3,.
21037,School E,3,.
12153,School E,3,.
20325,School E,3,.
21862,School E,3,.
23043,School E,3,SPED
10658,School E,3,.
27392,School E,3,.
12890,School E,3,SPED
20095,School E,3,.
19818,School E,3,Tier 2
28667,School E,3,.
13480,School E,3,.
20378,School E,3,.
22318,School F,3,SPED
25417,School E,3,.
14331,School E,3,.
26249,School E,3,.
11346,School E,3,.
25367,School E,3,.
29456,School E,3,.
20853,School E,3,.
15424,School E,3,.
25471,School E,3,.
28956,School E,3,.
11972,School F,3,Gifted
29130,School E,3,.
29827,School E,3,.
15208,School E,3,.
27355,School E,3,.
17381,School E,3,.
27179,School E,3,.
15072,School E,3,.
26479,School E,3,Tier 2
12670,School F,3,.
14419,School E,3,.
28553,School F,3,.
15580,School F,3,.
17845,School F,3,.
25335,School F,3,.
19816,School F,3,.
14902,School F,3,.
27446,School F,3,.
18623,School F,3,.
18465,School F,3,.
24788,School F,3,.
22035,School F,3,.
25103,School F,3,Tier 2
20951,School F,3,.
23051,School F,3,.
28129,School F,3,.
14118,School F,3,.
17935,School F,3,.
14606,School F,3,SPED
10939,School F,3,.
17875,School F,3,Gifted
15050,School F,3,.
27830,School F,3,Tier 2
27019,School F,3,.
17298,School F,3,.
28084,School F,3,.
12339,School F,3,.
24989,School F,3,.
12739,School F,3,.
14107,School F,3,.
24237,School F,3,.
11380,School F,3,.
21699,School F,3,Tier 2
17843,School F,3,.
13071,School F,3,.
20038,School F,3,.
18557,School F,3,Tier 2
19582,School F,3,.
28352,School F,3,.
20758,School F,3,.
20287,School F,3,.
29686,School F,3,.
19037,School F,3,.
29244,School F,3,.
17682,School F,3,.
16275,School F,3,.
18550,School F,3,.
16158,School F,3,.
13558,School F,3,.
16892,School F,3,.
27088,School F,3,.
28022,School F,3,.
23183,School E,3,.
13773,School F,3,SPED 
28001,School E,3,.
16945,School F,3,.
26218,School F,3,Tier 2
10006,School E,3,.
16950,School E,3,.
27968,School F,3,.
26619,School E,3,.
22560,School E,3,.
14954,School E,3,.
25208,School F,3,.
19190,School F,3,.
18280,School F,3,.
24409,School F,3,.
19671,School F,3,.
22295,School E,3,.
18440,School F,3,.
23653,School E,3,.
22771,School F,3,.
19971,School E,3,.
20811,School E,3,.
11710,School E,3,.
10566,School E,3,.
29720,School E,3,.
23385,School F,3,.
13404,School E,3,.
13798,School E,3,.
28764,School F,3,Tier 2
15922,School E,3,.
16381,School F,3,.
11473,School F,3,.
20434,School F,3,.
12987,School F,3,SPED
13830,School F,3,.
27663,School E,3,.
16645,School E,3,.
17692,School E,3,.
20131,School F,3,.
28337,School E,3,.
11056,School E,3,.
16723,School F,3,.
20384,School F,3,.
17295,School E,3,.
16456,School F,3,.
18819,School E,3,.
22600,School E,3,.
18397,School F,3,.
10495,School E,3,.
14283,School E,3,.
10230,School E,3,.
20558,School E,3,.
21478,School E,3,SPED
12711,School E,3,.
22727,School E,3,.
23999,School F,3,.
23561,School F,3,.
10442,School F,3,.
11196,School F,3,.
27785,School F,3,.
22027,School F,3,.
25584,School F,3,.
13296,School F,3,.
26673,School F,3,.
13930,School F,3,.
29147,School F,3,.
15944,School F,3,.
29774,School F,3,.
26092,School F,3,.
15605,School E,3,.
28288,School F,3,.
19231,School E,3,.
28527,School E,3,.
15116,School E,3,.
24112,School E,4,504
22312,School E,4,.
25129,School E,4,.
16241,School E,4,.
24088,School E,4,.
22100,School E,4,.
23299,School E,4,.
19176,School E,4,.
20293,School E,4,.
26357,School E,4,.
16681,School E,4,.
25830,School E,4,.
26544,School E,4,.
13255,School E,4,.
24638,School E,4,.
27166,School E,4,.
15831,School E,4,.
14398,School E,4,.
22452,School E,4,.
25769,School E,4,.
16775,School E,4,SPED
16611,School E,4,.
28958,School E,4,.
12148,School E,4,.
22162,School E,4,.
22337,School E,4,.
16837,School E,4,.
25357,School E,4,.
10213,School E,4,.
29346,School E,4,.
17966,School E,4,.
29620,School E,4,.
18275,School E,4,SPED
14737,School E,4,SPED
18574,School E,4,.
18312,School E,4,SPED
17164,School E,4,.
14214,School E,4,.
27337,School E,4,.
12841,School E,4,.
23020,School E,4,.
10156,School E,4,.
10804,School E,4,.
22829,School E,4,.
28992,School E,4,.
19694,School E,4,.
23975,School E,4,SPED
17937,School E,4,Tier 2
24797,School E,4,.
29671,School E,4,.
16933,School E,4,504
17482,School E,4,.
12795,School E,4,.
15544,School E,4,.
22801,School E,4,.
29938,School E,4,.
11320,School E,4,.
22430,School E,4,.
27126,School E,4,.
14173,School E,4,.
11578,School E,4,.
11151,School E,4,.
26483,School E,4,.
19071,School E,4,.
20950,School E,4,.
17539,School E,4,.
19869,School E,4,.
12023,School E,4,.
23404,School E,4,.
24192,School E,4,.
29194,School E,4,.
21621,School E,4,.
18212,School E,4,.
20265,School E,4,.
16666,School E,4,.
21109,School E,4,.
16002,School E,4,.
22251,School E,4,.
25900,School E,4,.
15243,School E,4,.
16990,School E,4,.
18431,School E,4,.
10406,School E,4,.
17171,School E,4,.
17092,School E,4,.
16161,School E,4,.
23617,School E,4,.
19420,School E,4,.
11472,School E,4,SPED
24430,School E,4,.
29930,School E,4,.
17066,School E,4,.
11318,School E,4,.
21030,School E,4,.
13712,School E,4,.
26850,School E,4,.
28342,School E,4,.
16528,School E,4,.
22547,School E,4,.
14046,School E,4,.
22744,School E,4,.
22794,School E,4,.
11702,School E,4,.
10074,School E,4,SPED
18156,School E,4,.
11661,School E,4,.
28519,School E,4,.
23574,School E,4,.
16292,School E,4,.
27473,School E,4,.
25639,School E,4,.
24619,School E,4,.
12575,School E,4,.
29761,School E,4,.
20111,School E,4,.
18857,School E,4,.
12645,School B,5,SPED
21882,School B,5,.
10428,School B,5,.
13563,School B,5,Gifted
26266,School B,5,.
28436,School B,5,.
19509,School B,5,Tier 2
24987,School B,5,Gifted
10708,School B,5,LEP
23819,School B,5,.
24353,School B,5,.
15030,School B,5,.
26128,School B,5,LEP
10337,School B,5,Gifted
23897,School B,5,.
23745,School B,5,Gifted
22752,School B,5,LEP
16801,School B,5,.
27041,School B,5,SPED
27415,School B,5,.
21505,School B,5,Gifted
14453,School B,5,.
15523,School B,5,Tier 2
19045,School B,5,.
17740,School B,5,.
16911,School B,5,SPED
27147,School B,5,Tier 2
27668,School B,5,.
25438,School B,5,Gifted
26284,School B,5,.
18584,School B,5,Gifted
29481,School B,5,.
13835,School B,5,.
19308,School B,5,.
16903,School B,5,.
12301,School B,5,.
24418,School B,5,Tier 2
16206,School B,5,.
14687,School B,5,.
13507,School B,5,.
12189,School B,5,.
18149,School B,5,.
14357,School B,5,Tier 2
21636,School B,5,.
22436,School B,5,.
13181,School B,5,.
13250,School B,5,.
14111,School B,5,.
27937,School B,5,.
22638,School B,5,.
10407,School B,5,.
20127,School B,5,.
18013,School B,5,.
15252,School B,5,Tier 2
24910,School B,5,.
13313,School B,5,.
25824,School B,5,.
18852,School B,5,.
21210,School B,5,.
22989,School B,5,Gifted
13893,School B,5,Gifted
16659,School B,5,.
14585,School B,5,SPED
15392,School B,5,.
24116,School B,5,Gifted
22741,School B,5,.
29836,School B,5,.
14870,School B,5,.
28700,School B,5,.
26024,School B,5,.
29913,School B,5,.
17743,School B,5,.
14087,School B,5,Gifted
23664,School B,5,.
12880,School B,5,.
17116,School B,5,.
23105,School B,5,.
23726,School B,5,.
26060,School C,5,SPED
25624,School D,5,SPED
24535,School D,5,.
29117,School C,5,.
11816,School C,5,Gifted
15505,School C,5,.
27756,School C,5,.
21144,School C,5,Gifted
14584,School C,5,Tier 2
16197,School D,5,.
29891,School A,5,.
25973,School D,5,.
26032,School A,5,.
20079,School A,5,SPED
15406,School D,5,.
19909,School A,5,.
21001,School A,5,.
20777,School C,5,.
26080,School C,5,.
26181,School D,5,Gifted
21739,School C,5,.
12104,School A,5,.
16912,School A,5,.
26808,School D,5,.
25632,School D,5,.
14041,School D,5,.
19048,School D,5,.
18132,School A,5,.
19944,School D,5,Gifted
20430,School D,5,Gifted
21768,School A,5,.
21550,School D,5,.
28820,School C,5,.
20899,School A,5,.
11928,School D,5,SPED
19746,School D,5,.
21585,School C,5,Gifted
29894,School A,5,504
12026,School C,5,.
27321,School C,5,.
24515,School A,5,.
28066,School A,5,.
20338,School C,5,Gifted
16859,School A,5,.
20027,School D,5,Gifted
22604,School D,5,Gifted
15077,School A,5,.
22722,School C,5,.
11450,School A,5,.
16067,School D,5,Gifted
28252,School A,5,Gifted
26184,School A,5,.
13799,School A,5,SPED
26039,School D,5,.
21707,School C,5,.
21676,School D,5,.
29197,School D,5,.
16453,School A,5,.
20419,School D,5,.
22824,School C,5,.
18776,School A,5,.
17228,School C,5,.
17386,School C,5,.
24186,School C,5,.
14132,School C,5,.
22442,School C,5,.
13640,School A,5,.
16583,School A,5,Gifted
21069,School D,5,.
28154,School C,5,SPED
11168,School C,5,.
20887,School C,5,Gifted
20118,School A,5,.
14338,School C,5,.
21209,School A,5,.
15276,School A,5,.
22620,School D,5,.
10540,School D,5,.
26857,School A,5,Gifted
19547,School D,5,Gifted
21980,School C,5,.
19441,School C,5,Gifted
22413,School C,5,.
26541,School D,5,.
19585,School A,5,.
10907,School A,5,.
15291,School D,5,.
10145,School A,5,LEP
21784,School D,5,.
13939,School D,5,Gifted
16724,School C,5,.
25407,School D,5,.
29431,School C,5,.
17027,School A,5,.
21981,School D,5,.
16120,School D,5,.
22449,School C,5,Gifted
16757,School D,5,.
22983,School A,5,.
24193,School C,5,.
15586,School C,5,.
27812,School A,5,SPED
12617,School A,5,.
12231,School A,5,Gifted
28942,School A,5,.
23503,School A,5,.
22241,School D,5,.
29188,School D,5,.
24692,School A,5,.
12548,School D,5,.
17253,School D,5,.
26281,School C,5,.
24731,School C,5,.
14975,School D,5,.
21108,School C,5,SPED
15742,School C,5,.
22582,School D,5,.
13119,School C,5,.
10618,School A,5,.
25736,School D,5,.
27685,School C,5,Gifted
15344,School C,5,.
21859,School C,5,.
17107,School D,5,.
16643,School D,5,.
16787,School A,5,.
29174,School A,5,.
12407,School C,5,Tier 2
22863,School A,5,.
16525,School A,5,.
25224,School A,5,.
10053,School D,5,.
11179,School A,5,.
27534,School C,5,.
17885,School C,5,.
25512,School C,5,.
11572,School A,5,.
18837,School D,5,SPED
12642,School A,5,.
10151,School A,5,.
26204,School C,5,.
19609,School C,5,SPED
23093,School A,5,.
23212,School D,5,.
18989,School A,5,.
11521,School C,5,Tier 2
26046,School D,5,.
17175,School C,5,.
26197,School C,5,.
22846,School C,5,.
26726,School C,5,.
11949,School D,5,.
13421,School D,5,.
29924,School A,5,SPED
20793,School D,5,.
15338,School D,5,.
11250,School A,5,.
27279,School C,5,.
18949,School A,5,.
25528,School D,5,.
24822,School A,5,.
13787,School A,5,.
26494,School A,5,SPED
23775,School C,5,.
16125,School C,5,Tier 2
25130,School A,5,.
27907,School A,5,.
22272,School A,5,Gifted
23012,School C,5,.
12978,School C,5,.
29552,School A,5,.
25386,School A,5,.
29408,School C,5,Gifted
14964,School A,5,.
24464,School C,5,Gifted
28510,School C,5,.
27684,School C,5,.
15094,School D,5,.
13672,School D,5,SPED
26685,School C,5,.
18495,School C,5,SPED
22850,School C,5,.
13151,School D,5,.
28254,School D,5,.
21135,School C,5,.
21908,School A,5,Gifted
14208,School D,5,SPED
19865,School D,5,.
14748,School A,5,.
22281,School D,5,.
22562,School D,5,.
11885,School D,5,.
10696,School D,5,.
19636,School D,5,.
20168,School D,5,.
18165,School D,5,.
10295,School C,5,.
16224,School C,5,.
21925,School C,5,SPED
12051,School C,5,.
17898,School C,5,.
19430,School C,5,.
27823,School A,5,SPED
26114,School A,5,.
21403,School A,5,.
14694,School A,5,.
13923,School C,5,.
27866,School C,5,.
23779,School A,5,.
11641,School A,5,.
15673,School C,5,.
29078,School C,5,.
16165,School C,5,.
19299,School A,5,.
11932,School C,5,.
26422,School D,5,.
26257,School B,5,.
10957,School B,5,.
11764,School C,5,.
15202,School B,5,.
14150,School B,5,.
19903,School B,5,.
19192,School B,5,.
14164,School B,5,.
12597,School B,5,.
20617,School B,5,.
18496,School C,5,.
17248,School C,5,.
15786,School C,5,.
21893,School D,5,.
13239,School D,5,.
27313,School D,5,.
17594,School D,5,.
21325,School D,5,.
12230,School D,5,.
29665,School D,5,SPED
18400,School A,5,.
10630,School A,5,.
16998,School A,5,.
10008,School B,5,Tier 2
27063,School B,5,.
25959,School B,5,.
11127,School B,5,.
21043,School D,5,SPED
28230,School D,5,.
24031,School D,5,.
26980,School D,5,.
23936,School D,5,.
23395,School D,5,Gifted
27600,School D,5,.
23882,School D,5,.
16710,School D,5,Gifted
18858,School D,5,.
11742,School D,5,SPED
21438,School A,5,.
14834,School D,5,.
24589,School A,5,.
17718,School D,5,LEP
27788,School D,5,.
12004,School D,5,.
18732,School C,5,.
13471,School D,5,.
27665,School D,5,SPED
12118,School D,5,.
23931,School D,5,.
10901,School D,5,.
22982,School D,5,.
19418,School D,5,.
21458,School A,5,.
15359,School B,6,SPED
23754,School B,6,SPED
22905,School B,6,.
20337,School B,6,LEP
19733,School B,6,.
17118,School B,6,Gifted
26111,School B,6,Gifted
13482,School B,6,Gifted
21876,School B,6,LEP
29838,School B,6,.
24216,School B,6,504
16501,School B,6,.
20644,School B,6,Gifted
23934,School B,6,LEP
11455,School B,6,Gifted
15812,School B,6,Gifted
23856,School B,6,.
10056,School B,6,Gifted
27611,School B,6,Gifted
26899,School B,6,Gifted
28158,School B,6,.
18640,School B,6,.
25626,School B,6,Gifted
25790,School B,6,.
10524,School B,6,LEP
11640,School B,6,.
15520,School B,6,Gifted
10845,School B,6,.
11095,School B,6,Gifted
23438,School B,6,Gifted
27051,School B,6,SPED
12049,School B,6,.
28801,School B,6,.
18308,School B,6,.
21139,School B,6,.
12093,School B,6,Gifted
16243,School B,6,.
27343,School B,6,.
16489,School B,6,Gifted
10917,School B,6,.
29980,School B,6,Gifted
28363,School B,6,.
15781,School B,6,.
13529,School B,6,.
11431,School B,6,Gifted
27881,School B,6,.
21453,School B,6,Tier 2
28486,School B,6,.
15251,School B,6,.
28005,School B,6,.
10715,School B,6,.
10518,School B,6,.
27931,School B,6,Gifted
11085,School B,6,.
22721,School B,6,.
24570,School B,6,SPED
25587,School B,6,.
26498,School B,6,Gifted
19619,School B,6,.
14086,School B,6,Tier 2
26401,School B,6,.
18436,School B,6,.
18533,School B,6,.
22644,School B,6,.
23771,School B,6,.
15797,School B,6,.
13595,School B,6,.
21950,School B,6,.
13060,School B,6,.
24582,School B,6,.
10000,School B,6,.
25690,School B,6,.
15952,School B,6,.
19773,School B,6,.
23878,School B,6,.
28211,School B,6,.
19941,School B,6,SPED
26504,School B,6,.
23982,School C,6,.
28367,School D,6,.
11613,School A,6,.
27646,School A,6,.
21059,School D,6,SPED
20801,School C,6,.
12859,School D,6,.
13364,School A,6,Tier 2
29227,School A,6,.
18796,School D,6,Gifted
29301,School C,6,.
17134,School A,6,.
22220,School A,6,SPED
13720,School D,6,.
11862,School A,6,.
21389,School A,6,.
16815,School A,6,.
22534,School A,6,504
15306,School D,6,.
14835,School C,6,SPED
20519,School C,6,.
26200,School C,6,Gifted
24837,School D,6,.
18036,School A,6,Gifted
20351,School A,6,.
19739,School A,6,.
15804,School C,6,.
27564,School C,6,.
11307,School C,6,Gifted
27819,School A,6,.
23742,School C,6,SPED
24115,School A,6,.
28982,School C,6,.
19875,School C,6,.
18604,School C,6,.
12275,School C,6,.
12181,School D,6,.
26995,School C,6,.
10681,School A,6,Gifted
18600,School C,6,.
25623,School C,6,Gifted
24826,School D,6,.
27641,School D,6,.
19785,School C,6,Tier 2
16242,School D,6,.
17733,School C,6,.
29553,School A,6,Gifted
11629,School C,6,Gifted
18605,School C,6,.
12260,School D,6,Gifted
20875,School C,6,SPED
21654,School A,6,.
22657,School C,6,.
13642,School A,6,.
12972,School C,6,.
17503,School C,6,.
27778,School C,6,.
14898,School C,6,.
17314,School A,6,Gifted
14815,School A,6,Gifted
14348,School C,6,.
23088,School C,6,.
29794,School A,6,.
13676,School D,6,SPED
16468,School A,6,.
27271,School D,6,.
14446,School A,6,Gifted
14635,School D,6,Gifted
21634,School D,6,.
26293,School A,6,.
12196,School A,6,.
25122,School A,6,.
26753,School C,6,.
22506,School C,6,.
14404,School C,6,.
26546,School C,6,.
14386,School D,6,.
19118,School D,6,.
22543,School A,6,SPED
15340,School D,6,.
17627,School A,6,Gifted
25071,School C,6,.
26500,School C,6,Gifted
16733,School C,6,.
27312,School A,6,Gifted
11507,School C,6,Tier 2
18201,School A,6,.
26827,School D,6,.
19065,School D,6,.
19607,School C,6,.
18354,School A,6,.
12559,School A,6,.
24480,School A,6,.
16022,School D,6,.
19889,School D,6,.
12036,School D,6,.
24447,School A,6,.
18681,School A,6,Gifted
11512,School D,6,Gifted
21471,School C,6,.
14408,School A,6,.
21147,School D,6,Gifted
27342,School A,6,.
12792,School C,6,.
12666,School D,6,.
29703,School D,6,.
15301,School D,6,.
13756,School C,6,.
14527,School C,6,.
13892,School C,6,Gifted
22633,School C,6,.
28798,School A,6,Gifted
20597,School C,6,Gifted
20480,School C,6,.
24408,School D,6,Gifted
12605,School A,6,.
29878,School C,6,.
21356,School C,6,.
14183,School C,6,SPED
13833,School A,6,.
20053,School A,6,.
13962,School A,6,SPED
22941,School A,6,SPED
24000,School D,6,.
14569,School C,6,.
25473,School D,6,.
20953,School A,6,Gifted
21420,School A,6,.
29949,School D,6,.
23758,School C,6,.
28948,School C,6,.
11451,School A,6,.
21529,School A,6,.
20091,School A,6,.
29701,School C,6,.
19154,School A,6,.
26452,School A,6,.
16042,School A,6,.
24543,School A,6,.
22215,School A,6,.
15803,School D,6,.
25191,School D,6,.
24330,School A,6,.
16649,School D,6,.
24405,School D,6,.
10253,School A,6,.
15143,School A,6,.
19501,School C,6,.
10224,School C,6,Tier 2
25980,School C,6,.
25180,School C,6,.
25846,School A,6,Gifted
18787,School C,6,.
12552,School C,6,.
23784,School C,6,.
29575,School C,6,.
16479,School D,6,Gifted
11423,School C,6,.
21354,School D,6,.
28685,School D,6,SPED
22964,School C,6,.
21159,School D,6,.
23857,School C,6,SPED
10897,School A,6,SPED
10920,School D,6,.
14781,School A,6,.
19629,School A,6,.
26996,School C,6,.
15637,School C,6,.
11794,School C,6,.
22484,School C,6,Gifted
24784,School A,6,Tier 2
14980,School A,6,.
12406,School D,6,LEP
18439,School A,6,.
26481,School A,6,.
28228,School C,6,Gifted
22117,School D,6,.
12235,School D,6,.
10851,School D,6,SPED
28991,School A,6,Gifted
25834,School A,6,.
14649,School A,6,Gifted
18084,School D,6,.
24524,School A,6,.
10858,School D,6,.
18812,School D,6,.
18866,School C,6,.
19102,School A,6,.
11293,School A,6,.
14648,School C,6,Gifted
22553,School C,6,Gifted
29744,School C,6,Gifted
13360,School C,6,.
23734,School C,6,.
18376,School A,6,.
20376,School C,6,SPED
26786,School C,6,.
11583,School C,6,.
13526,School A,6,.
12096,School C,6,.
29690,School C,6,.
26163,School D,6,.
27075,School D,6,.
17552,School D,6,.
26342,School D,6,.
10120,School D,6,.
10786,School D,6,.
22841,School A,6,.
22630,School D,6,.
19404,School A,6,SPED
23420,School A,6,.
27237,School A,6,.
24253,School A,6,.
14937,School C,6,.
27413,School D,6,.
19825,School D,6,LEP
19031,School C,6,Gifted
12205,School C,6,.
26454,School A,6,.
19660,School A,6,.
18841,School D,6,.
15083,School A,6,.
21448,School C,6,.
29657,School C,6,.
24291,School A,6,.
29823,School A,6,.
24416,School C,6,SPED
12948,School D,6,.
26395,School A,6,.
14675,School B,6,.
22070,School B,6,.
15327,School B,6,.
21019,School B,6,.
29296,School B,6,.
21818,School B,6,.
12197,School B,6,.
17693,School B,6,SPED
19494,School B,6,SPED
21367,School B,6,Gifted
12021,School B,6,.
24609,School B,6,.
29288,School B,6,.
15369,School C,6,.
19689,School C,6,.
26464,School C,6,.
26935,School C,6,.
26852,School D,6,.
23345,School D,6,.
20634,School D,6,.
11180,School D,6,.
18240,School D,6,.
18488,School D,6,.
20682,School D,6,.
14910,School D,6,.
19702,School D,6,SPED
21826,School D,6,.
25765,School D,6,.
29077,School D,6,.
15055,School D,6,.
23029,School D,6,.
12220,School D,6,.
11409,School D,6,.
24349,School D,6,.
14867,School A,6,.
23272,School A,6,.
20829,School A,6,.
15496,School A,6,.
28322,School A,6,.
14744,School A,6,.
17909,School A,6,.
26755,School A,6,.
12343,School A,6,.
26330,School A,6,.
10761,School A,6,.
20660,School A,6,.
15665,School A,6,.
21517,School A,6,.
27537,School A,6,.
26194,School A,6,.
24688,School B,6,Gifted
28714,School A,6,.
17726,School D,6,.
11793,School D,6,.
26838,School D,6,Gifted
14721,School D,6,.
12591,School D,6,.
23152,School C,6,Gifted
13113,School D,6,Gifted
26285,School D,6,.
21106,School D,6,.
13374,School A,6,.
22527,School D,6,.
13814,School D,6,.
11945,School D,6,.
13824,School D,6,.
28403,School A,6,.
18476,School D,6,.
10454,School A,6,.
25762,School A,6,.
29465,School A,6,.
21000,School D,6,.
16652,School D,6,.
11220,School D,6,.
28508,School D,6,.
11717,School D,6,.
22862,School D,6,.
10662,School D,6,.
18310,School D,6,.
29014,School A,6,.
14817,School D,6,.
14681,School D,6,.
12380,School D,6,.
20792,School D,6,.
16746,School A,6,.
29619,School D,7,.
14778,School A,7,504
16580,School D,7,Tier 2
25644,School C,7,SPED
22283,School C,7,SPED
23675,School A,7,504
18998,School D,7,Gifted
28866,School B,7,SPED
20691,School B,7,LEP
26970,School B,7,.
25997,School B,7,.
16317,School B,7,.
20172,School B,7,Tier 2
10497,School B,7,LEP
20602,School B,7,.
20324,School B,7,.
16205,School B,7,LEP
13918,School B,7,Gifted
11040,School B,7,Gifted
11654,School B,7,Tier 2
13261,School B,7,LEP
14732,School B,7,Gifted
28107,School B,7,.
10592,School B,7,.
16188,School B,7,.
10812,School B,7,Gifted
16167,School B,7,.
19766,School B,7,.
20427,School B,7,.
29273,School B,7,.
22126,School B,7,LEP
29969,School B,7,.
29212,School B,7,.
21667,School B,7,.
11345,School B,7,.
16192,School B,7,Tier 2
20090,School B,7,SPED
29093,School B,7,SPED
27276,School B,7,.
23457,School B,7,.
13409,School B,7,.
14990,School B,7,Gifted
13346,School B,7,.
11471,School B,7,.
15045,School B,7,.
20512,School B,7,.
19197,School B,7,.
25049,School B,7,.
16259,School B,7,.
28783,School B,7,504
26662,School B,7,LEP
25559,School B,7,.
28787,School B,7,.
25942,School B,7,Gifted
27618,School B,7,Gifted
19208,School B,7,.
14105,School B,7,Gifted
20159,School B,7,.
27495,School B,7,Gifted
15521,School B,7,.
11281,School B,7,Tier 2
17925,School B,7,Tier 2
14856,School B,7,Gifted
23075,School B,7,.
16661,School B,7,.
27674,School B,7,Gifted
28120,School B,7,Tier 2
22118,School B,7,504
27513,School B,7,Gifted
29067,School B,7,Gifted
23657,School B,7,.
21014,School B,7,SPED
15541,School B,7,.
14676,School B,7,.
26879,School B,7,LEP
25881,School B,7,.
26020,School B,7,.
29286,School D,7,SPED
14968,School B,7,LEP
15711,School B,7,.
19214,School B,7,Gifted
13951,School B,7,.
22680,School B,7,.
10674,School B,7,.
18844,School B,7,.
12529,School B,7,.
15526,School B,7,.
20904,School B,7,.
23716,School A,7,.
24308,School C,7,SPED
16503,School D,7,.
11013,School D,7,SPED
17423,School D,7,.
20614,School C,7,SPED
25504,School A,7,504
15074,School C,7,.
12017,School D,7,SPED
17096,School C,7,Gifted
20429,School A,7,.
13810,School C,7,504
12801,School A,7,.
19644,School D,7,.
15308,School D,7,Gifted
11813,School C,7,Gifted
12029,School A,7,.
13816,School D,7,.
15741,School D,7,SPED
22297,School C,7,.
19945,School D,7,SPED
16415,School A,7,.
12321,School D,7,504
14269,School D,7,LEP
27301,School C,7,Gifted
15872,School A,7,SPED
10086,School A,7,Gifted
10562,School C,7,.
12470,School A,7,Gifted
23550,School C,7,.
18573,School D,7,Gifted
11967,School C,7,.
17302,School C,7,.
13199,School C,7,SPED
26057,School C,7,SPED
17492,School D,7,.
24339,School D,7,.
11173,School A,7,.
25366,School A,7,.
15277,School D,7,.
20339,School A,7,.
17387,School C,7,.
22175,School A,7,.
23602,School C,7,.
22713,School C,7,.
22240,School C,7,.
24413,School C,7,.
14048,School C,7,SPED
20563,School A,7,.
29008,School C,7,.
28368,School D,7,.
15771,School C,7,.
11012,School A,7,SPED
15127,School C,7,.
20677,School A,7,.
27406,School C,7,SPED
10485,School C,7,.
23179,School A,7,SPED
19849,School C,7,Gifted
12298,School C,7,Gifted
14437,School A,7,.
22474,School A,7,.
12266,School A,7,.
18916,School A,7,.
23964,School D,7,.
25249,School D,7,.
21533,School A,7,SPED
16703,School A,7,.
26074,School D,7,.
11302,School D,7,.
22482,School A,7,Gifted
18636,School C,7,.
19358,School D,7,SPED
23925,School A,7,.
17736,School D,7,.
28382,School C,7,.
23564,School D,7,.
12773,School A,7,.
17655,School C,7,.
15272,School C,7,.
13912,School D,7,.
20804,School D,7,.
13106,School D,7,.
26485,School C,7,.
14708,School C,7,.
10883,School D,7,Gifted
22017,School A,7,Gifted
14363,School D,7,.
17136,School A,7,.
20963,School D,7,.
23328,School A,7,.
20044,School A,7,Gifted
26604,School C,7,Gifted
27219,School C,7,.
15835,School D,7,.
29192,School A,7,.
11316,School D,7,.
15170,School A,7,Gifted
22959,School A,7,.
17896,School D,7,.
13391,School C,7,.
11494,School A,7,.
17648,School C,7,.
25987,School D,7,.
14667,School A,7,.
24029,School C,7,.
27978,School D,7,.
27542,School A,7,504
15620,School D,7,.
15024,School A,7,.
11650,School C,7,.
26845,School A,7,.
12762,School D,7,SPED
25521,School D,7,.
25647,School C,7,Gifted
10352,School C,7,.
15626,School A,7,.
13946,School C,7,.
19122,School D,7,.
13000,School A,7,.
10600,School D,7,Gifted
29373,School C,7,Gifted
26609,School A,7,.
10860,School C,7,.
23776,School C,7,.
14017,School A,7,.
23577,School C,7,.
25369,School A,7,.
14981,School D,7,Gifted
10713,School D,7,.
15683,School C,7,SPED
14005,School A,7,Gifted
17465,School A,7,.
12249,School A,7,.
18788,School A,7,.
26606,School C,7,.
20821,School D,7,.
16939,School C,7,.
11792,School C,7,SPED
26113,School A,7,SPED
25309,School C,7,.
20939,School C,7,.
21537,School C,7,.
18690,School C,7,.
20752,School C,7,.
11628,School A,7,.
29453,School C,7,.
24783,School D,7,.
29565,School C,7,.
16905,School A,7,.
12097,School C,7,.
14344,School A,7,.
14931,School D,7,.
29410,School D,7,LEP
27436,School A,7,.
10160,School A,7,.
17345,School D,7,.
27766,School D,7,SPED
22104,School C,7,Gifted
20232,School A,7,.
10098,School C,7,.
21231,School C,7,.
12142,School D,7,.
16353,School C,7,SPED
27712,School D,7,.
25839,School D,7,.
22080,School A,7,.
15968,School A,7,.
25777,School C,7,.
28688,School D,7,.
11125,School A,7,.
24873,School A,7,.
17628,School A,7,.
22979,School C,7,SPED
17303,School A,7,.
17873,School A,7,SPED
17593,School D,7,.
29523,School A,7,.
20527,School A,7,Gifted
26521,School A,7,SPED
19322,School C,7,.
11543,School C,7,.
21499,School C,7,.
23603,School A,7,SPED
11084,School A,7,.
17690,School A,7,.
29543,School C,7,SPED
17657,School C,7,.
28854,School A,7,.
22284,School D,7,.
27284,School A,7,.
12047,School A,7,.
12688,School A,7,Gifted
27456,School A,7,SPED
10973,School A,7,.
12791,School A,7,SPED
13318,School A,7,.
21393,School D,7,Gifted
17962,School A,7,.
16694,School A,7,.
23100,School C,7,.
14920,School C,7,.
23621,School C,7,.
10488,School C,7,.
21396,School C,7,.
11184,School C,7,.
15187,School C,7,.
22399,School C,7,.
18085,School D,7,.
25007,School C,7,.
10638,School D,7,.
10729,School C,7,Gifted
15239,School D,7,.
22671,School D,7,.
17947,School A,7,Gifted
11540,School C,7,.
10652,School D,7,.
24076,School C,7,.
29876,School B,7,.
20956,School B,7,.
27717,School B,7,.
17074,School B,7,.
24030,School B,7,.
17833,School B,7,.
11845,School B,7,.
11225,School B,7,.
16735,School B,7,.
13171,School B,7,.
22229,School B,7,.
29987,School B,7,.
17419,School C,7,.
17988,School C,7,.
11671,School C,7,.
24428,School C,7,.
10121,School C,7,.
14695,School C,7,.
18206,School C,7,.
21604,School C,7,.
22854,School C,7,.
25709,School D,7,.
14488,School D,7,.
29695,School D,7,.
24109,School D,7,.
25203,School D,7,.
19895,School D,7,.
11366,School D,7,.
23703,School D,7,.
15559,School D,7,.
19113,School D,7,.
29435,School D,7,.
10423,School D,7,.
13680,School D,7,SPED
19527,School D,7,.
13439,School D,7,.
10077,School D,7,.
21484,School D,7,.
29052,School A,7,.
29676,School A,7,.
23263,School A,7,.
17147,School A,7,.
24790,School A,7,.
29364,School A,7,.
15110,School A,7,.
28600,School D,7,.
11924,School D,7,.
22149,School A,7,SPED
19206,School D,7,SPED
29326,School D,7,.
21225,School D,7,Gifted
11177,School D,7,.
17765,School A,7,Gifted
25069,School C,7,.
14428,School D,7,.
27803,School C,7,.
22843,School D,7,.
17131,School A,7,.
29383,School D,7,.
22185,School D,7,Gifted
17511,School C,7,.
25700,School D,7,.
26262,School D,7,.
12074,School C,7,Gifted
14476,School C,7,.
16060,School D,7,.
14779,School D,7,.
10194,School D,8,.
28658,School C,8,SPED
11930,School A,8,504
29199,School D,8,.
27964,School D,8,Tier 2
10250,School D,8,Tier 2
16586,School C,8,.
24733,School A,8,.
10671,School D,8,SPED
14573,School A,8,Tier 2
20712,School A,8,.
24683,School A,8,.
15312,School D,8,Gifted
21928,School A,8,.
17287,School C,8,SPED
12490,School C,8,.
18540,School C,8,.
24111,School D,8,.
19856,School D,8,.
18683,School A,8,SPED
17070,School C,8,SPED
18730,School D,8,.
19885,School D,8,Gifted
11529,School A,8,Gifted
13834,School D,8,Gifted
17748,School D,8,SPED
14887,School A,8,SPED
25596,School C,8,Gifted
13633,School C,8,.
27971,School D,8,.
10239,School C,8,.
13599,School C,8,.
22974,School C,8,Gifted
17396,School A,8,.
16715,School A,8,.
25038,School C,8,SPED
25989,School C,8,.
23747,School C,8,.
27380,School C,8,SPED
29865,School C,8,.
13467,School C,8,.
13764,School C,8,.
13689,School C,8,.
28232,School C,8,Gifted
19117,School C,8,Gifted
20150,School D,8,.
25804,School D,8,.
13023,School D,8,Gifted
23488,School C,8,.
17388,School D,8,.
24665,School A,8,SPED
19967,School D,8,Tier 2
12399,School D,8,.
13832,School A,8,.
13377,School D,8,.
18883,School C,8,.
15366,School C,8,.
22073,School D,8,.
29768,School C,8,.
20460,School A,8,.
17572,School C,8,.
14914,School A,8,.
14410,School A,8,.
16934,School A,8,SPED
16170,School C,8,SPED
29889,School A,8,.
16823,School A,8,SPED
13850,School A,8,.
24786,School A,8,.
20670,School A,8,.
25068,School A,8,Gifted
21004,School D,8,SPED
28940,School C,8,.
14177,School C,8,.
13501,School A,8,.
28986,School D,8,.
25999,School D,8,.
17104,School D,8,.
28448,School C,8,.
22029,School D,8,.
16870,School D,8,.
20957,School B,8,LEP
25677,School B,8,.
21038,School B,8,Gifted
26875,School B,8,.
24311,School B,8,LEP
24789,School B,8,Gifted
29473,School B,8,Gifted
10898,School B,8,.
27590,School B,8,Gifted
13535,School B,8,.
15085,School B,8,.
18068,School B,8,.
13384,School B,8,Gifted
16693,School B,8,LEP
18014,School B,8,.
26939,School B,8,.
28282,School B,8,LEP
17792,School B,8,.
16821,School B,8,.
21894,School B,8,.
27605,School B,8,.
29764,School B,8,Gifted
24020,School B,8,.
14211,School B,8,Gifted
28157,School B,8,.
14247,School B,8,LEP
16329,School B,8,Gifted
20274,School B,8,.
22545,School B,8,.
27973,School B,8,Gifted
12749,School B,8,LEP
16371,School B,8,.
28614,School B,8,.
22515,School B,8,LEP
29628,School B,8,.
24096,School B,8,.
25097,School B,8,.
28671,School B,8,SPED
10595,School B,8,Gifted
28025,School B,8,Gifted
14465,School B,8,.
27549,School B,8,504
27052,School B,8,.
17152,School B,8,Gifted
21716,School B,8,.
21810,School B,8,Gifted
25494,School B,8,.
21795,School B,8,.
23268,School B,8,Gifted
18452,School B,8,504
20061,School B,8,.
19855,School B,8,.
13486,School B,8,.
12671,School B,8,.
16160,School B,8,Gifted
18517,School B,8,Gifted
17595,School B,8,Gifted
14994,School B,8,.
15200,School B,8,.
18142,School B,8,SPED
25776,School B,8,.
19717,School B,8,LEP
24774,School B,8,SPED
11379,School B,8,Gifted
14850,School B,8,SPED
19159,School B,8,.
27326,School B,8,.
16805,School B,8,.
23972,School B,8,.
15397,School B,8,.
13984,School D,8,Gifted
20186,School B,8,.
19611,School A,8,.
26993,School B,8,504
11261,School C,8,Gifted
11134,School B,8,.
20056,School B,8,.
19638,School B,8,SPED
23414,School C,8,.
26940,School C,8,SPED
27633,School C,8,Gifted
16701,School A,8,SPED
25788,School D,8,.
11489,School C,8,.
12640,School A,8,.
13566,School D,8,Gifted
29850,School A,8,.
18021,School D,8,SPED
26458,School C,8,Gifted
20976,School A,8,.
13544,School A,8,.
14035,School A,8,.
17143,School D,8,.
23251,School D,8,.
14385,School A,8,.
20705,School A,8,.
21682,School D,8,.
23823,School A,8,.
27165,School A,8,Gifted
21532,School C,8,Gifted
29461,School A,8,Gifted
21496,School C,8,.
15470,School C,8,.
26566,School A,8,Gifted
27658,School D,8,.
19133,School D,8,.
17519,School D,8,.
16182,School C,8,.
19362,School A,8,.
10672,School D,8,.
29391,School A,8,.
15768,School A,8,.
29297,School D,8,.
14547,School D,8,.
22934,School A,8,.
10967,School A,8,Gifted
10052,School C,8,.
12103,School C,8,.
20856,School C,8,.
27527,School D,8,.
20496,School D,8,SPED
17829,School C,8,.
25856,School A,8,.
12315,School C,8,.
10979,School A,8,.
22457,School A,8,.
10328,School A,8,SPED
28621,School C,8,.
14940,School A,8,.
15663,School C,8,.
17538,School A,8,.
24553,School C,8,.
20146,School A,8,.
17046,School A,8,Gifted
27357,School A,8,.
20195,School D,8,.
29936,School A,8,504
28313,School C,8,.
24036,School C,8,.
20215,School C,8,.
18389,School D,8,.
19085,School D,8,Gifted
27047,School D,8,Tier 2
29136,School D,8,.
25002,School D,8,Gifted
28097,School A,8,.
21809,School A,8,.
19511,School C,8,Gifted
11028,School A,8,Gifted
20490,School C,8,.
28543,School D,8,.
21632,School C,8,.
21523,School C,8,.
11325,School C,8,.
21745,School A,8,.
29249,School C,8,.
20366,School D,8,.
14106,School D,8,.
17380,School D,8,Gifted
18814,School D,8,SPED
16953,School A,8,.
12782,School A,8,Gifted
29002,School D,8,.
12680,School C,8,.
24101,School A,8,.
22120,School D,8,.
23167,School D,8,.
29694,School C,8,SPED
10764,School A,8,Gifted
22599,School A,8,.
28902,School C,8,Gifted
27338,School A,8,.
18644,School D,8,.
11213,School D,8,.
24852,School D,8,.
17001,School D,8,.
24374,School C,8,SPED
22086,School C,8,.
12317,School D,8,SPED
29161,School C,8,.
17677,School C,8,.
18377,School C,8,.
17297,School C,8,.
14305,School C,8,SPED
10277,School C,8,SPED
19767,School C,8,Gifted
15881,School A,8,.
24410,School C,8,.
11694,School C,8,.
29841,School C,8,.
19382,School D,8,.
27541,School C,8,.
22491,School A,8,.
15120,School C,8,.
14464,School C,8,.
15031,School C,8,Gifted
19181,School A,8,.
12014,School A,8,.
11921,School A,8,.
23407,School A,8,.
11745,School A,8,Gifted
21162,School A,8,.
17343,School A,8,.
12807,School A,8,.
19989,School D,8,SPED
19525,School D,8,SPED
18126,School A,8,.
20374,School D,8,.
25333,School A,8,.
16255,School D,8,.
18684,School A,8,.
14395,School D,8,.
10166,School A,8,.
25361,School D,8,.
12564,School D,8,.
16980,School D,8,Tier 2
18512,School D,8,.
22186,School D,8,.
22946,School D,8,SPED
12077,School A,8,.
17196,School D,8,.
26272,School D,8,.
12178,School C,8,.
27877,School A,8,.
27340,School A,8,.
10865,School B,8,.
13963,School B,8,.
14284,School B,8,.
10956,School B,8,.
17498,School B,8,Gifted
28899,School B,8,.
22930,School C,8,.
18148,School C,8,.
10633,School C,8,.
11559,School C,8,.
14238,School C,8,.
26035,School C,8,.
10245,School C,8,.
20473,School C,8,.
24610,School C,8,.
27651,School D,8,.
26117,School D,8,.
16820,School D,8,.
27523,School D,8,.
17296,School D,8,.
25489,School D,8,.
10382,School D,8,.
28804,School D,8,.
23923,School D,8,.
19928,School D,8,.
29571,School D,8,.
25972,School D,8,.
16878,School D,8,.
20554,School D,8,.
21468,School D,8,.
24739,School D,8,.
23210,School D,8,.
22796,School D,8,Gifted
24863,School D,8,.
28997,School D,8,.
28834,School D,8,.
16258,School A,8,.
13971,School A,8,.
22085,School A,8,.
18390,School A,8,.
25241,School A,8,.
26003,School A,8,.
18324,School A,8,.
25327,School A,8,.
24452,School A,8,.
28358,School A,8,.
10433,School A,8,.
26165,School A,8,.
15113,School A,8,.
22601,School D,8,.
14307,School D,8,.
18467,School D,8,.
27811,School B,8,SPED
22716,School D,8,.
29283,School A,8,.
12520,School D,8,.
29781,School A,8,Gifted
22514,School C,8,SPED
18762,School D,8,.
29505,School A,8,.
27325,School C,8,.
25185,School D,8,.
13903,School D,8,.
25124,School F,0,.
26397,School G,0,.
14010,School F,0,SPED
12624,School F,0,.
13016,School E,0,.
28506,School G,0,.
15735,School F,0,.
12073,School E,0,.
22640,School G,0,.
14376,School G,0,.
10153,School F,0,.
23553,School G,0,.
26012,School G,0,Tier 2
18076,School E,0,.
16825,School E,0,.
17202,School G,0,.
17701,School G,0,.
14492,School E,0,.
12207,School F,0,.
17903,School E,0,.
17727,School G,0,.
18754,School F,0,.
23853,School E,0,.
14166,School G,0,.
25047,School G,0,.
19602,School F,0,.
19535,School F,0,.
17751,School F,0,.
11824,School F,0,.
13581,School G,0,.
24047,School F,0,.
11561,School G,0,.
29906,School F,0,.
25930,School E,0,.
22097,School G,0,.
13557,School F,0,.
18074,School F,0,.
24985,School F,0,.
25931,School E,0,SPED
26678,School G,0,.
24301,School F,0,.
22371,School G,0,.
18225,School F,0,SPED
12915,School E,0,.
20442,School F,0,.
20076,School G,0,.
24883,School G,0,.
10819,School F,0,SPED
14203,School E,0,.
22492,School G,0,.
17422,School F,0,SPED
18918,School G,0,.
16864,School G,0,.
29455,School G,0,.
22289,School G,0,.
22705,School G,0,.
29630,School F,0,.
18121,School G,0,.
24304,School G,0,.
17890,School G,0,.
20439,School G,0,.
21508,School F,0,.
20756,School F,0,.
25136,School F,0,.
24071,School F,0,.
27894,School F,0,.
12396,School F,0,.
12151,School F,0,.
23884,School F,0,.
23396,School F,0,.
18653,School F,0,.
14639,School F,0,.
11595,School F,0,.
29168,School F,0,.
10355,School F,0,.
29094,School F,0,.
18601,School F,0,.
17800,School F,0,.
23967,School F,0,.
16595,School F,0,.
14829,School F,0,.
24070,School F,0,.
19776,School F,0,.
10443,School F,0,.
11608,School F,0,.
12884,School F,0,.
29463,School F,0,.
11408,School F,0,.
24635,School F,0,.
22792,School F,0,.
11666,School F,0,.
25541,School F,0,.
16104,School F,0,.
16605,School F,0,.
25368,School F,0,.
29684,School F,0,.
15601,School F,0,.
29592,School F,0,.
29996,School F,0,.
21294,School F,0,.
27026,School F,0,.
17375,School F,0,.
21586,School F,0,.
27468,School F,0,.
17172,School F,0,.
16346,School F,0,.
16836,School F,0,.
19399,School F,0,.
16150,School F,0,.
16049,School F,0,.
11412,School F,0,.
26629,School F,0,.
23709,School F,0,.
26150,School F,0,.
12127,School F,0,.
26705,School F,0,.
15945,School F,0,.
14613,School F,0,.
22018,School F,0,.
20575,School F,0,.
20144,School F,0,.
11148,School F,0,.
24730,School F,0,.
25662,School F,0,.
17543,School F,0,.
17254,School F,0,.
21714,School F,0,.
11369,School F,0,.
11853,School F,0,.
20532,School F,0,.
16451,School G,0,.
20666,School G,0,.
25228,School G,0,.
23814,School G,0,.
22460,School G,0,.
22683,School G,0,.
17512,School G,0,.
27740,School G,0,.
14508,School G,0,.
13146,School E,0,.
14335,School E,0,.
29664,School E,0,.
17085,School E,0,Tier 2
17870,School E,0,.
21757,School E,0,.
13054,School F,0,.
12531,School F,0,Tier 2
11635,School F,0,.
22206,School F,0,.
22652,School F,0,.
19615,School G,0,.
27430,School G,0,SPED
26998,School G,0,.
18001,School G,0,Tier 2
20862,School G,0,.
21743,School G,0,Tier 2
13624,School G,0,.
10807,School G,0,.
27922,School G,0,.
17927,School G,0,.
29956,School G,0,.
10338,School G,0,.
26269,School E,0,.
12291,School E,0,.
23193,School E,0,.
28979,School E,0,.
21344,School E,0,.
26863,School E,0,.
12590,School E,0,.
23057,School E,0,.
26351,School E,0,.
21829,School E,0,.
28281,School E,0,.
16297,School E,0,.
14045,School E,0,.
15575,School E,0,.
13460,School E,0,.
25658,School E,0,.
25566,School E,0,.
27556,School E,0,.
11452,School E,0,.
25717,School E,0,.
11737,School E,0,.
22001,School E,0,.
12359,School E,0,.
18627,School E,0,.
12786,School E,0,.
28371,School E,0,.
16848,School E,0,.
14178,School E,0,.
22341,School E,0,.
20788,School E,0,.
10981,School E,0,.
10720,School E,0,.
20851,School E,0,.
14499,School E,0,.
16405,School E,0,.
25627,School E,0,.
29568,School E,0,.
13777,School E,0,.
20314,School G,0,.
23822,School G,0,.
28784,School G,0,.
29831,School E,0,.
20526,School G,0,.
19219,School E,0,.
16230,School G,0,.
24069,School F,0,.
23000,School E,0,.
18651,School E,0,.
21719,School E,0,.
13718,School E,0,.
27980,School E,0,.
18766,School E,0,.
22641,School E,0,.
11649,School E,0,.
23241,School E,0,.
14163,School E,0,.
27897,School E,0,.
14313,School E,0,.
21761,School E,0,.
24053,School G,0,.
14236,School E,0,.
13443,School E,0,.
15258,School G,0,.
29015,School E,0,.
18960,School E,0,.
20187,School E,0,.
19419,School G,0,.
21029,School E,0,.
22300,School E,0,.
21236,School E,0,.
14139,School E,0,.
22609,School E,0,.
27821,School E,0,.
25622,School E,0,.
28615,School G,0,.
18462,School G,0,.
15300,School E,0,.
17189,School E,0,.
25426,School E,0,.
18170,School E,0,.
24782,School E,0,.
19080,School E,0,.
23399,School E,0,.
22263,School E,0,.
12663,School E,0,.
16223,School E,0,.
18779,School E,0,.
19851,School E,0,.
16793,School G,0,.
27014,School G,0,.
13935,School G,0,.
23548,School G,0,.
29145,School G,0,.
28423,School G,0,.
12961,School G,0,.
23613,School G,0,.
27329,School G,0,.
19265,School G,0,.
12847,School G,0,.
10686,School G,0,Tier 2
15222,School G,0,.
16728,School G,0,.
12388,School G,0,.
15829,School G,0,.
12216,School G,0,.
16852,School G,0,.
11214,School G,0,.
25546,School G,0,.
16789,School G,0,.
27773,School G,0,.
10656,School G,0,.
20219,School G,0,.
11076,School G,0,.
13034,School G,0,.
27140,School G,0,.
28014,School G,0,.
19899,School G,0,.
20202,School G,0,.
29184,School E,0,.
24371,School F,0,.
21248,School F,0,.
13004,School G,0,.
29487,School G,0,.
18717,School G,0,.
19150,School G,0,.
26553,School G,0,.
15834,School G,0,.
22845,School G,0,.
16492,School G,0,.
26088,School F,0,.
28883,School G,0,.
12366,School F,0,Tier 2
21748,School F,0,Tier 2
28277,School G,0,.
12473,School F,0,.
18061,School G,0,.
21126,School E,0,.
15913,School E,0,.
22002,School E,0,.
28875,School F,0,.
22010,School F,0,.
14282,School F,0,.
21081,School G,0,.
17844,School G,0,.
29616,School G,0,.
12448,School G,0,.
18245,School E,0,.
13052,School G,0,.
20971,School G,0,.
15889,School G,0,.
28169,School G,0,.
12848,School G,0,.
16514,School G,0,.
26865,School F,0,Tier 2
28926,School E,0,.
27152,School G,1,.
24773,School D,6,.
13879,School D,6,.
28744,School D,7,.
12169,School A,7,.
24197,School D,8,.
27656,School D,8,.
29777,School E,0,.
